{"time":1701818005459,"in.count":[1526,1550,1708,1005,1623,1712,1530,1605,1538,1746,1472,1589,1913,1815,2115,2475,2927,1635,1812,1107,1450,1917,1807,1461,1969,2402,1446,1851],"out.forecast":[1764,1749,1743,1741,1740,1740,1740],"out.weekly_average":[1745.2857142857],"check_failures":0}
{"time":1701818001444,"in.count":[1526,1550,1708,1005,1623,1712,1530,1605,1538,1746,1472,1589,1913,1815,2115,2475,2927,1635,1812,1107,1450,1917,1807,1461,1969,2402,1446,1851],"out.forecast":[1764,1749,1743,1741,1740,1740,1740],"out.weekly_average":[1745.2857142857],"check_failures":0}
{"time":1701819095189,"in.count":[1526,1550,1708,1005,1623,1712,1530,1605,1538,1746,1472,1589,1913,1815,2115,2475,2927,1635,1812,1107,1450,1917,1807,1461,1969,2402,1446,1851],"out.forecast":[1764,1749,1743,1741,1740,1740,1740],"out.weekly_average":[1745.2857142857],"check_failures":0}
{"time":1701962296374,"in.count":[1526,1550,1708,1005,1623,1712,1530,1605,1538,1746,1472,1589,1913,1815,2115,2475,2927,1635,1812,1107,1450,1917,1807,1461,1969,2402,1446,1851],"out.forecast":[1764,1749,1743,1741,1740,1740,1740],"out.weekly_average":[1745.2857142857],"check_failures":0}
